{
    "SVM-RBF": {
        "metrics": {
            "precision": 0.2980225988700565,
            "recall": 0.5368956743002544,
            "f_beta": 0.46271929824561403,
            "pr_auc": 0.35029165991924993
        },
        "threshold": 0.2725953358007773,
        "best_val_score": 0.40735206193539464,
        "best_params": {
            "C": 158.92958291204243,
            "gamma": 0.00016938653427486835,
            "sampling": "adasyn"
        }
    },
    "BRF": {
        "metrics": {
            "precision": 0.3262411347517731,
            "recall": 0.4681933842239186,
            "f_beta": 0.4307116104868914,
            "pr_auc": 0.35755315607399785
        },
        "threshold": 0.19331403555054696,
        "best_val_score": 0.4250239943221007,
        "best_params": {
            "n_estimators": 171,
            "max_depth": 9,
            "sampling_strategy": 0.8081001143698144,
            "min_samples_split": 4,
            "min_samples_leaf": 3
        }
    },
    "XGBoost": {
        "metrics": {
            "precision": 0.3253968253968254,
            "recall": 0.4173027989821883,
            "f_beta": 0.394990366088632,
            "pr_auc": 0.34970965841944057
        },
        "threshold": 0.36012694239616394,
        "best_val_score": 0.4147552106094567,
        "best_params": {
            "max_depth": 8,
            "learning_rate": 0.0021087333468584116,
            "n_estimators": 258,
            "subsample": 0.4711711245923532,
            "colsample_bytree": 0.7969297457122732,
            "gamma": 0.23076482633065704,
            "reg_alpha": 0.013832964480319754,
            "reg_lambda": 0.08706243444350001
        }
    }
}